episode,episode_reward,step
1.0,1311.6615585951254,450
2.0,833.8165540058033,900
3.0,1050.7113059629824,1350
