episode,episode_reward,step
1.0,80.78438855253073,450
2.0,-38.488451740760404,900
