episode,episode_reward,step
1.0,1354.7303788650504,450
2.0,877.0926282661652,900
3.0,1086.9281503453908,1350
