episode,episode_reward,step
1.0,539.3803445636229,450
2.0,513.8370459553915,900
