episode,episode_reward,step
1.0,1371.1696374111502,450
2.0,892.6920994943303,900
3.0,1100.5783858947043,1350
