episode,episode_reward,step
1.0,5322.894779807943,450
2.0,5616.811847542793,900
