episode,episode_reward,step
9.0,-3.438695641894185,450
18.0,153.08788398444273,900
27.0,23.153842932478803,1350
