episode,episode_reward,step
1.0,1442.9595045826352,450
2.0,985.4107404243001,900
3.0,1205.756434987942,1350
4.0,1096.9685454627515,1800
5.0,1340.5966738413906,2250
6.0,1161.0393158087275,2700
7.0,1555.314116679685,3150
8.0,969.3832734489672,3600
9.0,1214.3108225349308,4050
10.0,1045.1365181139658,4500
