episode,episode_reward,step
1.0,446.7925618059451,450
2.0,332.02228465654014,900
3.0,425.2948912191629,1350
