episode,episode_reward,step
1.0,231.80223484804333,450
2.0,140.12845249297897,900
