actor_entropy,actor_loss,actor_target_entropy,alpha_loss,alpha_value,batch_reward,critic_loss,duration,episode,episode_reward,step
8.871066551208497,-2.7385703790653495,-14.0,1.9074998134374619,0.08331656967784293,1.4731252346932888,17.431273317784072,26.022314071655273,12.0,355.8053265354841,5400
7.925610452228122,-4.143794962300195,-14.0,1.284711569680108,0.058569499974012174,1.4423966398504044,1.1540585154957241,26.61087393760681,13.0,388.6240711690725,5850
7.12481555196974,-5.512081429163615,-14.0,0.9012907931539748,0.042577480147043524,1.4457134223646588,0.934612811671363,26.33487868309021,14.0,813.8263072074781,6300
4.9828543747795955,-7.329092823134529,-14.0,0.6185337467326059,0.03251739349842109,1.4480827334192063,1.2989086489544974,26.090245246887207,15.0,495.51418718705713,6750
3.2897538633479013,-8.903438286251491,-14.0,0.446715699368053,0.025815159708568132,1.4710988436142605,1.4903785404894088,26.32597517967224,16.0,596.1855007406173,7200
1.4359885706504185,-10.508425059848362,-14.0,0.32477834221389557,0.020945558668171584,1.491983949277136,1.9723022385438282,26.22732138633728,17.0,937.9318391912485,7650
0.40558311434255706,-11.851782271067302,-14.0,0.2511164275474019,0.01747409772101977,1.4452397887574302,2.760551017522812,26.445741176605225,18.0,614.8060648317011,8100
