episode,episode_reward,step
1.0,423.35418822240337,450
2.0,285.1896366447114,900
3.0,403.9024450222335,1350
