episode,episode_reward,step
1.0,588.3748552095246,450
2.0,568.7685871218615,900
3.0,678.0036215350168,1350
4.0,550.4640013438603,1800
