episode,episode_reward,step
1.0,434.0745996651625,450
2.0,293.35011797110747,900
3.0,414.87189311799267,1350
4.0,361.8523851357018,1800
